{"train_loss": 8.19979476928711, "epoch": 0, "trainer/global_step": 149, "_timestamp": 1671131039.2818298, "_runtime": 146.57175493240356, "_step": 2, "_wandb": {"runtime": 236}}