{"train_loss": 6.0189714431762695, "epoch": 4, "trainer/global_step": 4099, "_timestamp": 1671146118.8950586, "_runtime": 14658.42762851715, "_step": 81, "_wandb": {"runtime": 15253}}