{"train_loss": 5.544411659240723, "epoch": 9, "trainer/global_step": 8249, "_timestamp": 1671162937.2615075, "_runtime": 14844.255209445953, "_step": 82}